member_casual,rideable_type,start_day_of_week,hour,rides,total_rides_by_day_hr,total_rides_by_hr,total_rides_by_day,total_rides_by_mem_cas_bike_type,total_length_of_trip_min,total_length_of_trip_day
member,classic_bike,Friday,00:00:00,2483,11315,89161,819735,1981067,35399.18,24.57
casual,electric_bike,Friday,00:00:00,3055,11315,89161,819735,1048652,50380.81,35.0
casual,classic_bike,Friday,00:00:00,2859,11315,89161,819735,1236407,84947.91,59.0
casual,docked_bike,Friday,00:00:00,628,11315,89161,819735,274440,81004.17,56.24
member,electric_bike,Friday,00:00:00,2290,11315,89161,819735,1319556,24907.56,17.28
member,classic_bike,Friday,01:00:00,1376,7009,61853,819735,1981067,20581.63,14.3
casual,electric_bike,Friday,01:00:00,1985,7009,61853,819735,1048652,34599.87,24.01
casual,classic_bike,Friday,01:00:00,1868,7009,61853,819735,1236407,64103.02,44.5
casual,docked_bike,Friday,01:00:00,409,7009,61853,819735,274440,70324.8,48.84
member,electric_bike,Friday,01:00:00,1371,7009,61853,819735,1319556,15692.34,10.88
member,classic_bike,Friday,02:00:00,646,3756,39837,819735,1981067,9394.54,6.52
casual,electric_bike,Friday,02:00:00,1295,3756,39837,819735,1048652,23741.24,16.49
casual,classic_bike,Friday,02:00:00,815,3756,39837,819735,1236407,31368.99,21.79
casual,docked_bike,Friday,02:00:00,217,3756,39837,819735,274440,79188.85,55.0
member,electric_bike,Friday,02:00:00,783,3756,39837,819735,1319556,9505.4,6.59
member,classic_bike,Friday,03:00:00,387,2291,22687,819735,1981067,7693.28,5.34
casual,electric_bike,Friday,03:00:00,839,2291,22687,819735,1048652,14045.67,9.76
casual,classic_bike,Friday,03:00:00,444,2291,22687,819735,1236407,24001.52,16.67
casual,docked_bike,Friday,03:00:00,142,2291,22687,819735,274440,21133.72,14.68
member,electric_bike,Friday,03:00:00,479,2291,22687,819735,1319556,6393.45,4.44
member,classic_bike,Friday,04:00:00,534,2403,19305,819735,1981067,7808.21,5.43
casual,electric_bike,Friday,04:00:00,767,2403,19305,819735,1048652,11857.18,8.24
casual,classic_bike,Friday,04:00:00,350,2403,19305,819735,1236407,15666.95,10.87
casual,docked_bike,Friday,04:00:00,78,2403,19305,819735,274440,18056.26,12.54
member,electric_bike,Friday,04:00:00,674,2403,19305,819735,1319556,7656.59,5.32
member,classic_bike,Friday,05:00:00,2717,6597,46499,819735,1981067,30626.6,21.28
casual,electric_bike,Friday,05:00:00,1038,6597,46499,819735,1048652,13981.84,9.71
casual,classic_bike,Friday,05:00:00,622,6597,46499,819735,1236407,14618.49,10.15
casual,docked_bike,Friday,05:00:00,67,6597,46499,819735,274440,6574.45,4.57
member,electric_bike,Friday,05:00:00,2153,6597,46499,819735,1319556,23008.8,16.0
member,classic_bike,Friday,06:00:00,8076,17544,116306,819735,1981067,98053.46,68.1
casual,electric_bike,Friday,06:00:00,2290,17544,116306,819735,1048652,28325.34,19.67
casual,classic_bike,Friday,06:00:00,1629,17544,116306,819735,1236407,33841.73,23.5
casual,docked_bike,Friday,06:00:00,183,17544,116306,819735,274440,8448.33,5.86
member,electric_bike,Friday,06:00:00,5366,17544,116306,819735,1319556,56395.33,39.17
member,classic_bike,Friday,07:00:00,14356,31521,219067,819735,1981067,180320.19,125.24
casual,electric_bike,Friday,07:00:00,4053,31521,219067,819735,1048652,53640.5,37.23
casual,classic_bike,Friday,07:00:00,3033,31521,219067,819735,1236407,54746.31,38.02
casual,docked_bike,Friday,07:00:00,347,31521,219067,819735,274440,31847.11,22.12
member,electric_bike,Friday,07:00:00,9732,31521,219067,819735,1319556,105787.84,73.42
member,classic_bike,Friday,08:00:00,16334,36454,266309,819735,1981067,197950.03,137.51
casual,electric_bike,Friday,08:00:00,4740,36454,266309,819735,1048652,67620.14,46.96
casual,classic_bike,Friday,08:00:00,3994,36454,266309,819735,1236407,84930.91,59.0
casual,docked_bike,Friday,08:00:00,513,36454,266309,819735,274440,39862.67,27.68
member,electric_bike,Friday,08:00:00,10873,36454,266309,819735,1319556,117846.92,81.81
member,classic_bike,Friday,09:00:00,10797,28702,222207,819735,1981067,131438.58,91.21
casual,electric_bike,Friday,09:00:00,4555,28702,222207,819735,1048652,76055.0,52.81
casual,classic_bike,Friday,09:00:00,4232,28702,222207,819735,1236407,116499.52,80.9
casual,docked_bike,Friday,09:00:00,946,28702,222207,819735,274440,54228.32,37.66
member,electric_bike,Friday,09:00:00,8172,28702,222207,819735,1319556,88013.2,61.11
member,classic_bike,Friday,10:00:00,9677,30198,243959,819735,1981067,125346.85,86.99
casual,electric_bike,Friday,10:00:00,5542,30198,243959,819735,1048652,108504.94,75.32
casual,classic_bike,Friday,10:00:00,5668,30198,243959,819735,1236407,173984.61,120.8
casual,docked_bike,Friday,10:00:00,1604,30198,243959,819735,274440,96079.83,66.72
member,electric_bike,Friday,10:00:00,7707,30198,243959,819735,1319556,85440.19,59.33
member,classic_bike,Friday,11:00:00,12271,38665,302753,819735,1981067,151701.96,105.34
casual,electric_bike,Friday,11:00:00,7174,38665,302753,819735,1048652,142562.5,98.98
casual,classic_bike,Friday,11:00:00,7444,38665,302753,819735,1236407,226479.39,157.28
casual,docked_bike,Friday,11:00:00,2073,38665,302753,819735,274440,144750.24,100.5
member,electric_bike,Friday,11:00:00,9703,38665,302753,819735,1319556,113196.42,78.54
member,classic_bike,Friday,12:00:00,14689,47256,351900,819735,1981067,186200.7,129.3
casual,electric_bike,Friday,12:00:00,8932,47256,351900,819735,1048652,173985.31,120.83
casual,classic_bike,Friday,12:00:00,9471,47256,351900,819735,1236407,271135.07,188.33
casual,docked_bike,Friday,12:00:00,2598,47256,351900,819735,274440,145119.39,100.77
member,electric_bike,Friday,12:00:00,11566,47256,351900,819735,1319556,126971.03,88.16
member,classic_bike,Friday,13:00:00,14905,48719,358811,819735,1981067,196627.1,136.49
casual,electric_bike,Friday,13:00:00,9828,48719,358811,819735,1048652,190964.16,132.59
casual,classic_bike,Friday,13:00:00,9763,48719,358811,819735,1236407,296925.0,206.23
casual,docked_bike,Friday,13:00:00,2760,48719,358811,819735,274440,199249.38,138.36
member,electric_bike,Friday,13:00:00,11463,48719,358811,819735,1319556,130430.93,90.52
member,classic_bike,Friday,14:00:00,14934,49973,360079,819735,1981067,195028.7,135.42
casual,electric_bike,Friday,14:00:00,9989,49973,360079,819735,1048652,197783.26,137.29
casual,classic_bike,Friday,14:00:00,10632,49973,360079,819735,1236407,308516.79,214.26
casual,docked_bike,Friday,14:00:00,2881,49973,360079,819735,274440,211385.59,146.78
member,electric_bike,Friday,14:00:00,11537,49973,360079,819735,1319556,133503.02,92.75
member,classic_bike,Friday,15:00:00,17682,57241,402856,819735,1981067,233211.79,161.91
casual,electric_bike,Friday,15:00:00,11597,57241,402856,819735,1048652,225399.89,156.53
casual,classic_bike,Friday,15:00:00,11733,57241,402856,819735,1236407,337921.72,234.64
casual,docked_bike,Friday,15:00:00,2930,57241,402856,819735,274440,239640.1,166.42
member,electric_bike,Friday,15:00:00,13299,57241,402856,819735,1319556,160685.49,111.56
member,classic_bike,Friday,16:00:00,23737,69563,486250,819735,1981067,321337.89,223.15
casual,electric_bike,Friday,16:00:00,12652,69563,486250,819735,1048652,234648.43,162.9
casual,classic_bike,Friday,16:00:00,14002,69563,486250,819735,1236407,373483.82,259.37
casual,docked_bike,Friday,16:00:00,3025,69563,486250,819735,274440,259493.0,180.19
member,electric_bike,Friday,16:00:00,16147,69563,486250,819735,1319556,206188.99,143.16
member,classic_bike,Friday,17:00:00,28364,80557,581746,819735,1981067,400186.1,277.85
casual,electric_bike,Friday,17:00:00,14007,80557,581746,819735,1048652,251096.4,174.3
casual,classic_bike,Friday,17:00:00,17711,80557,581746,819735,1236407,448483.1,311.46
casual,docked_bike,Friday,17:00:00,3289,80557,581746,819735,274440,286043.02,198.66
member,electric_bike,Friday,17:00:00,17186,80557,581746,819735,1319556,223769.75,155.35
member,classic_bike,Friday,18:00:00,24075,71692,502600,819735,1981067,339674.89,235.93
casual,electric_bike,Friday,18:00:00,12710,71692,502600,819735,1048652,226756.44,157.47
casual,classic_bike,Friday,18:00:00,17083,71692,502600,819735,1236407,414966.7,288.17
casual,docked_bike,Friday,18:00:00,2986,71692,502600,819735,274440,171203.69,118.88
member,electric_bike,Friday,18:00:00,14838,71692,502600,819735,1319556,191012.06,132.59
member,classic_bike,Friday,19:00:00,17399,53639,374764,819735,1981067,253432.5,175.94
casual,electric_bike,Friday,19:00:00,9941,53639,374764,819735,1048652,173086.42,120.14
casual,classic_bike,Friday,19:00:00,13224,53639,374764,819735,1236407,330806.27,229.76
casual,docked_bike,Friday,19:00:00,2242,53639,374764,819735,274440,141378.22,98.18
member,electric_bike,Friday,19:00:00,10833,53639,374764,819735,1319556,136223.51,94.58
member,classic_bike,Friday,20:00:00,11570,37836,265176,819735,1981067,167593.46,116.35
casual,electric_bike,Friday,20:00:00,7239,37836,265176,819735,1048652,128014.71,88.89
casual,classic_bike,Friday,20:00:00,9368,37836,265176,819735,1236407,258655.49,179.61
casual,docked_bike,Friday,20:00:00,1937,37836,265176,819735,274440,156018.3,108.35
member,electric_bike,Friday,20:00:00,7722,37836,265176,819735,1319556,95488.46,66.32
member,classic_bike,Friday,21:00:00,8549,31210,213759,819735,1981067,119252.8,82.8
casual,electric_bike,Friday,21:00:00,6542,31210,213759,819735,1048652,117168.48,81.31
casual,classic_bike,Friday,21:00:00,8097,31210,213759,819735,1236407,218121.21,151.44
casual,docked_bike,Friday,21:00:00,1718,31210,213759,819735,274440,170814.75,118.6
member,electric_bike,Friday,21:00:00,6304,31210,213759,819735,1319556,77906.81,54.08
member,classic_bike,Friday,22:00:00,7298,28837,180950,819735,1981067,102474.45,71.13
casual,electric_bike,Friday,22:00:00,6324,28837,180950,819735,1048652,110586.3,76.77
casual,classic_bike,Friday,22:00:00,8029,28837,180950,819735,1236407,229665.84,159.47
casual,docked_bike,Friday,22:00:00,1639,28837,180950,819735,274440,206363.1,143.32
member,electric_bike,Friday,22:00:00,5547,28837,180950,819735,1319556,71025.86,49.33
member,classic_bike,Friday,23:00:00,6262,26757,131288,819735,1981067,96770.86,67.19
casual,electric_bike,Friday,23:00:00,6154,26757,131288,819735,1048652,108624.14,75.38
casual,classic_bike,Friday,23:00:00,7799,26757,131288,819735,1236407,212340.36,147.47
casual,docked_bike,Friday,23:00:00,1639,26757,131288,819735,274440,132942.68,92.32
member,electric_bike,Friday,23:00:00,4903,26757,131288,819735,1319556,62130.95,43.14
member,classic_bike,Monday,00:00:00,1461,8183,89161,768127,1981067,25957.41,18.03
casual,electric_bike,Monday,00:00:00,2367,8183,89161,768127,1048652,48628.69,33.76
casual,classic_bike,Monday,00:00:00,2258,8183,89161,768127,1236407,71722.92,49.77
casual,docked_bike,Monday,00:00:00,588,8183,89161,768127,274440,110807.93,76.94
member,electric_bike,Monday,00:00:00,1509,8183,89161,768127,1319556,17825.37,12.37
member,classic_bike,Monday,01:00:00,732,4904,61853,768127,1981067,13697.76,9.51
casual,electric_bike,Monday,01:00:00,1514,4904,61853,768127,1048652,30655.29,21.28
casual,classic_bike,Monday,01:00:00,1242,4904,61853,768127,1236407,59856.86,41.56
casual,docked_bike,Monday,01:00:00,410,4904,61853,768127,274440,69751.43,48.44
member,electric_bike,Monday,01:00:00,1006,4904,61853,768127,1319556,12081.29,8.39
member,classic_bike,Monday,02:00:00,404,3119,39837,768127,1981067,9040.4,6.29
casual,electric_bike,Monday,02:00:00,1038,3119,39837,768127,1048652,20593.62,14.3
casual,classic_bike,Monday,02:00:00,877,3119,39837,768127,1236407,37525.99,26.06
casual,docked_bike,Monday,02:00:00,249,3119,39837,768127,274440,44677.32,31.02
member,electric_bike,Monday,02:00:00,551,3119,39837,768127,1319556,7617.92,5.29
member,classic_bike,Monday,03:00:00,289,2128,22687,768127,1981067,7781.76,5.41
casual,electric_bike,Monday,03:00:00,706,2128,22687,768127,1048652,12527.38,8.71
casual,classic_bike,Monday,03:00:00,554,2128,22687,768127,1236407,25243.58,17.52
casual,docked_bike,Monday,03:00:00,171,2128,22687,768127,274440,30828.2,21.41
member,electric_bike,Monday,03:00:00,408,2128,22687,768127,1319556,4851.24,3.38
member,classic_bike,Monday,04:00:00,571,2643,19305,768127,1981067,6662.29,4.64
casual,electric_bike,Monday,04:00:00,796,2643,19305,768127,1048652,12697.46,8.82
casual,classic_bike,Monday,04:00:00,535,2643,19305,768127,1236407,20079.68,13.94
casual,docked_bike,Monday,04:00:00,126,2643,19305,768127,274440,13761.0,9.55
member,electric_bike,Monday,04:00:00,615,2643,19305,768127,1319556,7218.93,5.01
member,classic_bike,Monday,05:00:00,3132,7229,46499,768127,1981067,34476.98,23.95
casual,electric_bike,Monday,05:00:00,1000,7229,46499,768127,1048652,14053.31,9.75
casual,classic_bike,Monday,05:00:00,723,7229,46499,768127,1236407,16320.44,11.33
casual,docked_bike,Monday,05:00:00,88,7229,46499,768127,274440,5100.31,3.54
member,electric_bike,Monday,05:00:00,2286,7229,46499,768127,1319556,24179.1,16.8
member,classic_bike,Monday,06:00:00,9208,18805,116306,768127,1981067,113554.6,78.85
casual,electric_bike,Monday,06:00:00,2173,18805,116306,768127,1048652,27129.05,18.84
casual,classic_bike,Monday,06:00:00,1723,18805,116306,768127,1236407,30802.92,21.36
casual,docked_bike,Monday,06:00:00,175,18805,116306,768127,274440,20037.55,13.92
member,electric_bike,Monday,06:00:00,5526,18805,116306,768127,1319556,55622.55,38.64
member,classic_bike,Monday,07:00:00,16736,34739,219067,768127,1981067,208831.43,144.98
casual,electric_bike,Monday,07:00:00,3937,34739,219067,768127,1048652,50650.24,35.17
casual,classic_bike,Monday,07:00:00,3148,34739,219067,768127,1236407,59478.45,41.3
casual,docked_bike,Monday,07:00:00,359,34739,219067,768127,274440,22060.73,15.32
member,electric_bike,Monday,07:00:00,10559,34739,219067,768127,1319556,115289.89,80.05
member,classic_bike,Monday,08:00:00,18845,40174,266309,768127,1981067,223396.84,155.11
casual,electric_bike,Monday,08:00:00,4672,40174,266309,768127,1048652,70173.42,48.71
casual,classic_bike,Monday,08:00:00,4007,40174,266309,768127,1236407,89627.94,62.23
casual,docked_bike,Monday,08:00:00,576,40174,266309,768127,274440,45156.91,31.36
member,electric_bike,Monday,08:00:00,12074,40174,266309,768127,1319556,129449.6,89.9
member,classic_bike,Monday,09:00:00,10985,27905,222207,768127,1981067,129598.03,90.02
casual,electric_bike,Monday,09:00:00,4111,27905,222207,768127,1048652,71265.05,49.46
casual,classic_bike,Monday,09:00:00,4080,27905,222207,768127,1236407,109993.68,76.38
casual,docked_bike,Monday,09:00:00,1013,27905,222207,768127,274440,64594.49,44.87
member,electric_bike,Monday,09:00:00,7716,27905,222207,768127,1319556,81545.72,56.59
member,classic_bike,Monday,10:00:00,9555,28256,243959,768127,1981067,126450.34,87.79
casual,electric_bike,Monday,10:00:00,4819,28256,243959,768127,1048652,101907.31,70.81
casual,classic_bike,Monday,10:00:00,5412,28256,243959,768127,1236407,170290.52,118.28
casual,docked_bike,Monday,10:00:00,1568,28256,243959,768127,274440,138995.59,96.53
member,electric_bike,Monday,10:00:00,6902,28256,243959,768127,1319556,77226.81,53.6
member,classic_bike,Monday,11:00:00,12136,36225,302753,768127,1981067,159679.39,110.88
casual,electric_bike,Monday,11:00:00,6125,36225,302753,768127,1048652,137479.21,95.46
casual,classic_bike,Monday,11:00:00,7281,36225,302753,768127,1236407,239764.33,166.5
casual,docked_bike,Monday,11:00:00,2155,36225,302753,768127,274440,174130.97,120.94
member,electric_bike,Monday,11:00:00,8528,36225,302753,768127,1319556,101717.77,70.59
member,classic_bike,Monday,12:00:00,14305,42886,351900,768127,1981067,182992.87,127.07
casual,electric_bike,Monday,12:00:00,7584,42886,351900,768127,1048652,158837.91,110.32
casual,classic_bike,Monday,12:00:00,8623,42886,351900,768127,1236407,273782.56,190.12
casual,docked_bike,Monday,12:00:00,2478,42886,351900,768127,274440,213622.66,148.35
member,electric_bike,Monday,12:00:00,9896,42886,351900,768127,1319556,111517.91,77.47
member,classic_bike,Monday,13:00:00,13781,43874,358811,768127,1981067,175902.46,122.17
casual,electric_bike,Monday,13:00:00,8126,43874,358811,768127,1048652,172711.48,119.92
casual,classic_bike,Monday,13:00:00,8935,43874,358811,768127,1236407,297469.06,206.58
casual,docked_bike,Monday,13:00:00,2774,43874,358811,768127,274440,202021.71,140.29
member,electric_bike,Monday,13:00:00,10258,43874,358811,768127,1319556,111715.43,77.54
member,classic_bike,Monday,14:00:00,13223,43960,360079,768127,1981067,177141.49,122.99
casual,electric_bike,Monday,14:00:00,8592,43960,360079,768127,1048652,183721.21,127.62
casual,classic_bike,Monday,14:00:00,8976,43960,360079,768127,1236407,277826.16,192.89
casual,docked_bike,Monday,14:00:00,2847,43960,360079,768127,274440,256203.05,177.94
member,electric_bike,Monday,14:00:00,10322,43960,360079,768127,1319556,119809.25,83.09
member,classic_bike,Monday,15:00:00,16591,51388,402856,768127,1981067,227138.33,157.74
casual,electric_bike,Monday,15:00:00,9894,51388,402856,768127,1048652,205385.02,142.61
casual,classic_bike,Monday,15:00:00,9783,51388,402856,768127,1236407,312516.73,217.04
casual,docked_bike,Monday,15:00:00,2698,51388,402856,768127,274440,174648.63,121.28
member,electric_bike,Monday,15:00:00,12422,51388,402856,768127,1319556,151920.97,105.49
member,classic_bike,Monday,16:00:00,24974,67584,486250,768127,1981067,354150.49,245.92
casual,electric_bike,Monday,16:00:00,11553,67584,486250,768127,1048652,227725.63,158.12
casual,classic_bike,Monday,16:00:00,11442,67584,486250,768127,1236407,316838.13,220.0
casual,docked_bike,Monday,16:00:00,2778,67584,486250,768127,274440,197050.9,136.84
member,electric_bike,Monday,16:00:00,16837,67584,486250,768127,1319556,209782.51,145.57
member,classic_bike,Monday,17:00:00,35529,86605,581746,768127,1981067,505668.99,351.13
casual,electric_bike,Monday,17:00:00,12905,86605,581746,768127,1048652,249779.52,173.43
casual,classic_bike,Monday,17:00:00,15028,86605,581746,768127,1236407,424299.51,294.67
casual,docked_bike,Monday,17:00:00,2956,86605,581746,768127,274440,198582.01,137.93
member,electric_bike,Monday,17:00:00,20187,86605,581746,768127,1319556,247248.21,171.59
member,classic_bike,Monday,18:00:00,28928,72802,502600,768127,1981067,399118.65,277.07
casual,electric_bike,Monday,18:00:00,11380,72802,502600,768127,1048652,213017.63,147.89
casual,classic_bike,Monday,18:00:00,14025,72802,502600,768127,1236407,384413.37,266.98
casual,docked_bike,Monday,18:00:00,2412,72802,502600,768127,274440,195920.82,136.05
member,electric_bike,Monday,18:00:00,16057,72802,502600,768127,1319556,194238.9,134.9
member,classic_bike,Monday,19:00:00,19584,52158,374764,768127,1981067,264909.68,183.97
casual,electric_bike,Monday,19:00:00,8744,52158,374764,768127,1048652,161537.22,112.14
casual,classic_bike,Monday,19:00:00,10097,52158,374764,768127,1236407,279802.23,194.25
casual,docked_bike,Monday,19:00:00,2001,52158,374764,768127,274440,131197.46,91.1
member,electric_bike,Monday,19:00:00,11732,52158,374764,768127,1319556,136017.66,94.39
member,classic_bike,Monday,20:00:00,12544,35799,265176,768127,1981067,169356.99,117.58
casual,electric_bike,Monday,20:00:00,6617,35799,265176,768127,1048652,121088.85,84.11
casual,classic_bike,Monday,20:00:00,6977,35799,265176,768127,1236407,206662.49,143.51
casual,docked_bike,Monday,20:00:00,1496,35799,265176,768127,274440,131445.94,91.3
member,electric_bike,Monday,20:00:00,8165,35799,265176,768127,1319556,95384.96,66.24
member,classic_bike,Monday,21:00:00,8250,26599,213759,768127,1981067,105246.03,73.08
casual,electric_bike,Monday,21:00:00,5501,26599,213759,768127,1048652,96198.36,66.79
casual,classic_bike,Monday,21:00:00,5319,26599,213759,768127,1236407,156729.21,108.85
casual,docked_bike,Monday,21:00:00,1223,26599,213759,768127,274440,90189.64,62.63
member,electric_bike,Monday,21:00:00,6306,26599,213759,768127,1319556,74902.54,51.98
member,classic_bike,Monday,22:00:00,4948,19191,180950,768127,1981067,68582.74,47.62
casual,electric_bike,Monday,22:00:00,4608,19191,180950,768127,1048652,82012.2,56.93
casual,classic_bike,Monday,22:00:00,4210,19191,180950,768127,1236407,118729.15,82.46
casual,docked_bike,Monday,22:00:00,1025,19191,180950,768127,274440,80076.41,55.61
member,electric_bike,Monday,22:00:00,4400,19191,180950,768127,1319556,51895.93,36.06
member,classic_bike,Monday,23:00:00,2507,10971,131288,768127,1981067,36096.21,25.06
casual,electric_bike,Monday,23:00:00,2878,10971,131288,768127,1048652,49569.65,34.41
casual,classic_bike,Monday,23:00:00,2384,10971,131288,768127,1236407,67848.07,47.13
casual,docked_bike,Monday,23:00:00,597,10971,131288,768127,274440,43853.34,30.44
member,electric_bike,Monday,23:00:00,2605,10971,131288,768127,1319556,29617.63,20.57
member,classic_bike,Saturday,00:00:00,5120,22597,89161,987103,1981067,71588.0,49.74
casual,electric_bike,Saturday,00:00:00,5363,22597,89161,987103,1048652,91149.68,63.25
casual,classic_bike,Saturday,00:00:00,6889,22597,89161,987103,1236407,195826.76,135.94
casual,docked_bike,Saturday,00:00:00,1371,22597,89161,987103,274440,178537.0,123.98
member,electric_bike,Saturday,00:00:00,3854,22597,89161,987103,1319556,47247.79,32.82
member,classic_bike,Saturday,01:00:00,4138,19288,61853,987103,1981067,75088.07,52.14
casual,electric_bike,Saturday,01:00:00,4590,19288,61853,987103,1048652,74349.41,51.59
casual,classic_bike,Saturday,01:00:00,6441,19288,61853,987103,1236407,186399.98,129.48
casual,docked_bike,Saturday,01:00:00,1058,19288,61853,987103,274440,115660.27,80.31
member,electric_bike,Saturday,01:00:00,3061,19288,61853,987103,1319556,36545.41,25.36
member,classic_bike,Saturday,02:00:00,2440,12540,39837,987103,1981067,42782.5,29.7
casual,electric_bike,Saturday,02:00:00,3184,12540,39837,987103,1048652,54730.25,38.01
casual,classic_bike,Saturday,02:00:00,4136,12540,39837,987103,1236407,144040.85,100.03
casual,docked_bike,Saturday,02:00:00,847,12540,39837,987103,274440,133662.12,92.82
member,electric_bike,Saturday,02:00:00,1933,12540,39837,987103,1319556,23165.12,16.09
member,classic_bike,Saturday,03:00:00,1249,6334,22687,987103,1981067,25718.07,17.87
casual,electric_bike,Saturday,03:00:00,1742,6334,22687,987103,1048652,31045.23,21.55
casual,classic_bike,Saturday,03:00:00,1855,6334,22687,987103,1236407,75594.38,52.5
casual,docked_bike,Saturday,03:00:00,438,6334,22687,987103,274440,45765.22,31.78
member,electric_bike,Saturday,03:00:00,1050,6334,22687,987103,1319556,12015.09,8.34
member,classic_bike,Saturday,04:00:00,738,3457,19305,987103,1981067,10081.66,6.99
casual,electric_bike,Saturday,04:00:00,984,3457,19305,987103,1048652,15817.7,10.99
casual,classic_bike,Saturday,04:00:00,798,3457,19305,987103,1236407,29525.17,20.51
casual,docked_bike,Saturday,04:00:00,234,3457,19305,987103,274440,120101.87,83.41
member,electric_bike,Saturday,04:00:00,703,3457,19305,987103,1319556,8396.34,5.82
member,classic_bike,Saturday,05:00:00,1101,3906,46499,987103,1981067,18118.32,12.59
casual,electric_bike,Saturday,05:00:00,1014,3906,46499,987103,1048652,16132.58,11.19
casual,classic_bike,Saturday,05:00:00,665,3906,46499,987103,1236407,20686.9,14.36
casual,docked_bike,Saturday,05:00:00,151,3906,46499,987103,274440,19146.13,13.3
member,electric_bike,Saturday,05:00:00,975,3906,46499,987103,1319556,13002.43,9.02
member,classic_bike,Saturday,06:00:00,2877,7788,116306,987103,1981067,41492.81,28.81
casual,electric_bike,Saturday,06:00:00,1490,7788,116306,987103,1048652,24047.99,16.7
casual,classic_bike,Saturday,06:00:00,1156,7788,116306,987103,1236407,29878.81,20.75
casual,docked_bike,Saturday,06:00:00,232,7788,116306,987103,274440,26592.13,18.46
member,electric_bike,Saturday,06:00:00,2033,7788,116306,987103,1319556,24395.13,16.94
member,classic_bike,Saturday,07:00:00,5648,14372,219067,987103,1981067,77785.82,54.01
casual,electric_bike,Saturday,07:00:00,2376,14372,219067,987103,1048652,40056.0,27.83
casual,classic_bike,Saturday,07:00:00,2242,14372,219067,987103,1236407,59447.86,41.28
casual,docked_bike,Saturday,07:00:00,442,14372,219067,987103,274440,28484.12,19.78
member,electric_bike,Saturday,07:00:00,3664,14372,219067,987103,1319556,44166.23,30.62
member,classic_bike,Saturday,08:00:00,9342,25181,266309,987103,1981067,128992.5,89.53
casual,electric_bike,Saturday,08:00:00,4280,25181,266309,987103,1048652,79419.04,55.08
casual,classic_bike,Saturday,08:00:00,4805,25181,266309,987103,1236407,134759.12,93.57
casual,docked_bike,Saturday,08:00:00,1010,25181,266309,987103,274440,50160.45,34.84
member,electric_bike,Saturday,08:00:00,5744,25181,266309,987103,1319556,67745.81,47.02
member,classic_bike,Saturday,09:00:00,13821,40274,222207,987103,1981067,195210.99,135.57
casual,electric_bike,Saturday,09:00:00,6889,40274,222207,987103,1048652,133291.67,92.6
casual,classic_bike,Saturday,09:00:00,9131,40274,222207,987103,1236407,273450.12,189.93
casual,docked_bike,Saturday,09:00:00,2012,40274,222207,987103,274440,128757.54,89.41
member,electric_bike,Saturday,09:00:00,8421,40274,222207,987103,1319556,102927.4,71.44
member,classic_bike,Saturday,10:00:00,17871,56093,243959,987103,1981067,264614.57,183.76
casual,electric_bike,Saturday,10:00:00,10042,56093,243959,987103,1048652,209891.85,145.73
casual,classic_bike,Saturday,10:00:00,14720,56093,243959,987103,1236407,450951.9,313.21
casual,docked_bike,Saturday,10:00:00,3294,56093,243959,987103,274440,228178.59,158.45
member,electric_bike,Saturday,10:00:00,10166,56093,243959,987103,1319556,130275.03,90.45
member,classic_bike,Saturday,11:00:00,20278,68431,302753,987103,1981067,310896.5,215.81
casual,electric_bike,Saturday,11:00:00,12505,68431,302753,987103,1048652,284751.66,197.68
casual,classic_bike,Saturday,11:00:00,19435,68431,302753,987103,1236407,627181.31,435.47
casual,docked_bike,Saturday,11:00:00,4394,68431,302753,987103,274440,320860.7,222.83
member,electric_bike,Saturday,11:00:00,11819,68431,302753,987103,1319556,158889.78,110.28
member,classic_bike,Saturday,12:00:00,21029,74791,351900,987103,1981067,329507.87,228.77
casual,electric_bike,Saturday,12:00:00,13683,74791,351900,987103,1048652,315645.76,219.13
casual,classic_bike,Saturday,12:00:00,22345,74791,351900,987103,1236407,723735.98,502.6
casual,docked_bike,Saturday,12:00:00,5195,74791,351900,987103,274440,359508.9,249.67
member,electric_bike,Saturday,12:00:00,12539,74791,351900,987103,1319556,173721.42,120.57
member,classic_bike,Saturday,13:00:00,21097,78362,358811,987103,1981067,338454.91,235.06
casual,electric_bike,Saturday,13:00:00,14757,78362,358811,987103,1048652,339370.74,235.65
casual,classic_bike,Saturday,13:00:00,24239,78362,358811,987103,1236407,764101.21,530.63
casual,docked_bike,Saturday,13:00:00,5834,78362,358811,987103,274440,428484.03,297.59
member,electric_bike,Saturday,13:00:00,12435,78362,358811,987103,1319556,173630.87,120.6
member,classic_bike,Saturday,14:00:00,20339,77332,360079,987103,1981067,325439.65,225.95
casual,electric_bike,Saturday,14:00:00,14652,77332,360079,987103,1048652,338783.45,235.26
casual,classic_bike,Saturday,14:00:00,24155,77332,360079,987103,1236407,770741.63,535.2
casual,docked_bike,Saturday,14:00:00,5819,77332,360079,987103,274440,421576.28,292.74
member,electric_bike,Saturday,14:00:00,12367,77332,360079,987103,1319556,174901.44,121.41
member,classic_bike,Saturday,15:00:00,19637,75326,402856,987103,1981067,304489.03,211.47
casual,electric_bike,Saturday,15:00:00,14453,75326,402856,987103,1048652,323321.59,224.47
casual,classic_bike,Saturday,15:00:00,23437,75326,402856,987103,1236407,729830.03,506.84
casual,docked_bike,Saturday,15:00:00,5633,75326,402856,987103,274440,442274.85,307.13
member,electric_bike,Saturday,15:00:00,12166,75326,402856,987103,1319556,169762.56,117.87
member,classic_bike,Saturday,16:00:00,19261,72562,486250,987103,1981067,301279.07,209.19
casual,electric_bike,Saturday,16:00:00,13675,72562,486250,987103,1048652,292752.45,203.3
casual,classic_bike,Saturday,16:00:00,22291,72562,486250,987103,1236407,689462.51,478.84
casual,docked_bike,Saturday,16:00:00,5350,72562,486250,987103,274440,341794.04,237.33
member,electric_bike,Saturday,16:00:00,11985,72562,486250,987103,1319556,169738.0,117.86
member,classic_bike,Saturday,17:00:00,18870,68587,581746,987103,1981067,290241.57,201.5
casual,electric_bike,Saturday,17:00:00,12707,68587,581746,987103,1048652,266628.36,185.13
casual,classic_bike,Saturday,17:00:00,20856,68587,581746,987103,1236407,589221.23,409.19
casual,docked_bike,Saturday,17:00:00,4935,68587,581746,987103,274440,349041.96,242.4
member,electric_bike,Saturday,17:00:00,11219,68587,581746,987103,1319556,159759.61,111.0
member,classic_bike,Saturday,18:00:00,17499,63671,502600,987103,1981067,266795.79,185.21
casual,electric_bike,Saturday,18:00:00,11924,63671,502600,987103,1048652,242186.9,168.17
casual,classic_bike,Saturday,18:00:00,19322,63671,502600,987103,1236407,546809.69,379.76
casual,docked_bike,Saturday,18:00:00,4130,63671,502600,987103,274440,413769.43,287.38
member,electric_bike,Saturday,18:00:00,10796,63671,502600,987103,1319556,150310.49,104.38
member,classic_bike,Saturday,19:00:00,14584,53016,374764,987103,1981067,218717.43,151.9
casual,electric_bike,Saturday,19:00:00,10283,53016,374764,987103,1048652,201982.26,140.26
casual,classic_bike,Saturday,19:00:00,15347,53016,374764,987103,1236407,452340.62,314.14
casual,docked_bike,Saturday,19:00:00,3742,53016,374764,987103,274440,301410.51,209.28
member,electric_bike,Saturday,19:00:00,9060,53016,374764,987103,1319556,121585.54,84.43
member,classic_bike,Saturday,20:00:00,10401,39612,265176,987103,1981067,164501.45,114.2
casual,electric_bike,Saturday,20:00:00,7914,39612,265176,987103,1048652,155671.81,108.07
casual,classic_bike,Saturday,20:00:00,11484,39612,265176,987103,1236407,337169.06,234.12
casual,docked_bike,Saturday,20:00:00,3011,39612,265176,987103,274440,254686.76,176.88
member,electric_bike,Saturday,20:00:00,6802,39612,265176,987103,1319556,93056.46,64.65
member,classic_bike,Saturday,21:00:00,8605,35044,213759,987103,1981067,126325.28,87.67
casual,electric_bike,Saturday,21:00:00,7213,35044,213759,987103,1048652,144589.53,100.34
casual,classic_bike,Saturday,21:00:00,10355,35044,213759,987103,1236407,314158.07,218.11
casual,docked_bike,Saturday,21:00:00,2712,35044,213759,987103,274440,316072.15,219.52
member,electric_bike,Saturday,21:00:00,6159,35044,213759,987103,1319556,81995.54,56.91
member,classic_bike,Saturday,22:00:00,7917,35478,180950,987103,1981067,126672.62,87.97
casual,electric_bike,Saturday,22:00:00,7725,35478,180950,987103,1048652,148472.23,103.1
casual,classic_bike,Saturday,22:00:00,11292,35478,180950,987103,1236407,316193.91,219.6
casual,docked_bike,Saturday,22:00:00,2659,35478,180950,987103,274440,283719.79,197.0
member,electric_bike,Saturday,22:00:00,5885,35478,180950,987103,1319556,75874.86,52.69
member,classic_bike,Saturday,23:00:00,7137,33061,131288,987103,1981067,114576.65,79.58
casual,electric_bike,Saturday,23:00:00,7308,33061,131288,987103,1048652,132009.42,91.65
casual,classic_bike,Saturday,23:00:00,11019,33061,131288,987103,1236407,313104.08,217.44
casual,docked_bike,Saturday,23:00:00,2418,33061,131288,987103,274440,260746.04,181.07
member,electric_bike,Saturday,23:00:00,5179,33061,131288,987103,1319556,67083.91,46.56
member,classic_bike,Sunday,00:00:00,5634,27737,89161,864747,1981067,86025.8,59.74
casual,electric_bike,Sunday,00:00:00,6601,27737,89161,864747,1048652,116196.9,80.68
casual,classic_bike,Sunday,00:00:00,9229,27737,89161,864747,1236407,298940.62,207.63
casual,docked_bike,Sunday,00:00:00,1949,27737,89161,864747,274440,208304.21,144.67
member,electric_bike,Sunday,00:00:00,4324,27737,89161,864747,1319556,54070.71,37.55
member,classic_bike,Sunday,01:00:00,4238,20430,61853,864747,1981067,66200.23,45.93
casual,electric_bike,Sunday,01:00:00,4819,20430,61853,864747,1048652,83563.59,58.01
casual,classic_bike,Sunday,01:00:00,6910,20430,61853,864747,1236407,217024.97,150.66
casual,docked_bike,Sunday,01:00:00,1325,20430,61853,864747,274440,227921.91,158.29
member,electric_bike,Sunday,01:00:00,3138,20430,61853,864747,1319556,39892.48,27.73
member,classic_bike,Sunday,02:00:00,2576,14345,39837,864747,1981067,46263.04,32.12
casual,electric_bike,Sunday,02:00:00,3636,14345,39837,864747,1048652,66490.29,46.16
casual,classic_bike,Sunday,02:00:00,5089,14345,39837,864747,1236407,186444.43,129.44
casual,docked_bike,Sunday,02:00:00,1033,14345,39837,864747,274440,76193.66,52.9
member,electric_bike,Sunday,02:00:00,2011,14345,39837,864747,1319556,25945.41,18.01
member,classic_bike,Sunday,03:00:00,1457,7923,22687,864747,1981067,27053.1,18.78
casual,electric_bike,Sunday,03:00:00,2199,7923,22687,864747,1048652,41094.63,28.53
casual,classic_bike,Sunday,03:00:00,2444,7923,22687,864747,1236407,90136.56,62.59
casual,docked_bike,Sunday,03:00:00,666,7923,22687,864747,274440,107171.19,74.43
member,electric_bike,Sunday,03:00:00,1157,7923,22687,864747,1319556,14888.86,10.34
member,classic_bike,Sunday,04:00:00,894,4771,19305,864747,1981067,19681.57,13.67
casual,electric_bike,Sunday,04:00:00,1401,4771,19305,864747,1048652,26253.7,18.22
casual,classic_bike,Sunday,04:00:00,1305,4771,19305,864747,1236407,52977.54,36.81
casual,docked_bike,Sunday,04:00:00,327,4771,19305,864747,274440,47461.52,32.96
member,electric_bike,Sunday,04:00:00,844,4771,19305,864747,1319556,10240.89,7.1
member,classic_bike,Sunday,05:00:00,916,4400,46499,864747,1981067,20843.2,14.47
casual,electric_bike,Sunday,05:00:00,1276,4400,46499,864747,1048652,21790.82,15.14
casual,classic_bike,Sunday,05:00:00,898,4400,46499,864747,1236407,32282.79,22.42
casual,docked_bike,Sunday,05:00:00,265,4400,46499,864747,274440,18881.12,13.11
member,electric_bike,Sunday,05:00:00,1045,4400,46499,864747,1319556,13560.45,9.42
member,classic_bike,Sunday,06:00:00,2346,7224,116306,864747,1981067,36418.89,25.29
casual,electric_bike,Sunday,06:00:00,1574,7224,116306,864747,1048652,27681.75,19.21
casual,classic_bike,Sunday,06:00:00,1256,7224,116306,864747,1236407,37535.82,26.07
casual,docked_bike,Sunday,06:00:00,309,7224,116306,864747,274440,56121.83,38.98
member,electric_bike,Sunday,06:00:00,1739,7224,116306,864747,1319556,22119.16,15.36
member,classic_bike,Sunday,07:00:00,4203,11720,219067,864747,1981067,64405.13,44.72
casual,electric_bike,Sunday,07:00:00,2211,11720,219067,864747,1048652,47484.6,32.98
casual,classic_bike,Sunday,07:00:00,2124,11720,219067,864747,1236407,71213.73,49.47
casual,docked_bike,Sunday,07:00:00,550,11720,219067,864747,274440,85014.12,59.03
member,electric_bike,Sunday,07:00:00,2632,11720,219067,864747,1319556,33702.47,23.4
member,classic_bike,Sunday,08:00:00,7152,19665,266309,864747,1981067,104658.5,72.62
casual,electric_bike,Sunday,08:00:00,3468,19665,266309,864747,1048652,72559.89,50.38
casual,classic_bike,Sunday,08:00:00,3882,19665,266309,864747,1236407,130622.6,90.71
casual,docked_bike,Sunday,08:00:00,990,19665,266309,864747,274440,96411.75,66.95
member,electric_bike,Sunday,08:00:00,4173,19665,266309,864747,1319556,53905.06,37.42
member,classic_bike,Sunday,09:00:00,11144,32932,222207,864747,1981067,166864.56,115.82
casual,electric_bike,Sunday,09:00:00,5979,32932,222207,864747,1048652,129655.03,90.06
casual,classic_bike,Sunday,09:00:00,7387,32932,222207,864747,1236407,241094.8,167.41
casual,docked_bike,Sunday,09:00:00,1908,32932,222207,864747,274440,145368.41,100.93
member,electric_bike,Sunday,09:00:00,6514,32932,222207,864747,1319556,83051.73,57.65
member,classic_bike,Sunday,10:00:00,15159,48813,243959,864747,1981067,232541.26,161.52
casual,electric_bike,Sunday,10:00:00,8673,48813,243959,864747,1048652,190647.76,132.33
casual,classic_bike,Sunday,10:00:00,12702,48813,243959,864747,1236407,409945.11,284.66
casual,docked_bike,Sunday,10:00:00,3107,48813,243959,864747,274440,316053.72,219.5
member,electric_bike,Sunday,10:00:00,9172,48813,243959,864747,1319556,124217.43,86.27
member,classic_bike,Sunday,11:00:00,18120,61294,302753,864747,1981067,275378.1,191.13
casual,electric_bike,Sunday,11:00:00,11052,61294,302753,864747,1048652,247463.03,171.8
casual,classic_bike,Sunday,11:00:00,17328,61294,302753,864747,1236407,561150.05,389.7
casual,docked_bike,Sunday,11:00:00,4087,61294,302753,864747,274440,348991.95,242.34
member,electric_bike,Sunday,11:00:00,10707,61294,302753,864747,1319556,152355.51,105.76
member,classic_bike,Sunday,12:00:00,19786,67466,351900,864747,1981067,312417.4,216.98
casual,electric_bike,Sunday,12:00:00,12305,67466,351900,864747,1048652,286334.78,198.82
casual,classic_bike,Sunday,12:00:00,19380,67466,351900,864747,1236407,606404.37,421.07
casual,docked_bike,Sunday,12:00:00,4598,67466,351900,864747,274440,360921.33,250.66
member,electric_bike,Sunday,12:00:00,11397,67466,351900,864747,1319556,157474.09,109.29
member,classic_bike,Sunday,13:00:00,19712,69473,358811,864747,1981067,310592.19,215.65
casual,electric_bike,Sunday,13:00:00,12572,69473,358811,864747,1048652,291291.08,202.29
casual,classic_bike,Sunday,13:00:00,20794,69473,358811,864747,1236407,669095.24,464.69
casual,docked_bike,Sunday,13:00:00,5068,69473,358811,864747,274440,341249.69,237.01
member,electric_bike,Sunday,13:00:00,11327,69473,358811,864747,1319556,155857.37,108.19
member,classic_bike,Sunday,14:00:00,19594,69833,360079,864747,1981067,318463.84,221.11
casual,electric_bike,Sunday,14:00:00,12912,69833,360079,864747,1048652,306133.56,212.51
casual,classic_bike,Sunday,14:00:00,20890,69833,360079,864747,1236407,690234.65,479.28
casual,docked_bike,Sunday,14:00:00,5275,69833,360079,864747,274440,427759.21,297.06
member,electric_bike,Sunday,14:00:00,11162,69833,360079,864747,1319556,158949.04,110.36
member,classic_bike,Sunday,15:00:00,20192,72252,402856,864747,1981067,318057.99,220.66
casual,electric_bike,Sunday,15:00:00,13561,72252,402856,864747,1048652,313058.73,217.38
casual,classic_bike,Sunday,15:00:00,21776,72252,402856,864747,1236407,691370.3,480.05
casual,docked_bike,Sunday,15:00:00,5134,72252,402856,864747,274440,421587.08,292.8
member,electric_bike,Sunday,15:00:00,11589,72252,402856,864747,1319556,166629.15,115.71
member,classic_bike,Sunday,16:00:00,20204,69913,486250,864747,1981067,322366.1,223.84
casual,electric_bike,Sunday,16:00:00,12724,69913,486250,864747,1048652,287575.76,199.75
casual,classic_bike,Sunday,16:00:00,20510,69913,486250,864747,1236407,620080.91,430.66
casual,docked_bike,Sunday,16:00:00,4980,69913,486250,864747,274440,365505.66,253.84
member,electric_bike,Sunday,16:00:00,11495,69913,486250,864747,1319556,164755.78,114.39
member,classic_bike,Sunday,17:00:00,18972,64179,581746,864747,1981067,303951.72,211.03
casual,electric_bike,Sunday,17:00:00,11415,64179,581746,864747,1048652,255432.76,177.31
casual,classic_bike,Sunday,17:00:00,18529,64179,581746,864747,1236407,561200.74,389.61
casual,docked_bike,Sunday,17:00:00,4483,64179,581746,864747,274440,369118.82,256.33
member,electric_bike,Sunday,17:00:00,10780,64179,581746,864747,1319556,152401.97,105.81
member,classic_bike,Sunday,18:00:00,16687,54880,502600,864747,1981067,251582.42,174.69
casual,electric_bike,Sunday,18:00:00,9610,54880,502600,864747,1048652,209094.06,145.17
casual,classic_bike,Sunday,18:00:00,15283,54880,502600,864747,1236407,462100.72,320.89
casual,docked_bike,Sunday,18:00:00,3631,54880,502600,864747,274440,336797.51,233.91
member,electric_bike,Sunday,18:00:00,9669,54880,502600,864747,1319556,131265.18,91.17
member,classic_bike,Sunday,19:00:00,12848,43726,374764,864747,1981067,192621.72,133.8
casual,electric_bike,Sunday,19:00:00,8303,43726,374764,864747,1048652,180004.63,124.97
casual,classic_bike,Sunday,19:00:00,11636,43726,374764,864747,1236407,364403.71,253.06
casual,docked_bike,Sunday,19:00:00,2939,43726,374764,864747,274440,287424.29,199.58
member,electric_bike,Sunday,19:00:00,8000,43726,374764,864747,1319556,104369.21,72.42
member,classic_bike,Sunday,20:00:00,8812,32018,265176,864747,1981067,128162.15,89.05
casual,electric_bike,Sunday,20:00:00,6664,32018,265176,864747,1048652,138591.27,96.21
casual,classic_bike,Sunday,20:00:00,8161,32018,265176,864747,1236407,265340.61,184.26
casual,docked_bike,Sunday,20:00:00,2236,32018,265176,864747,274440,176157.2,122.32
member,electric_bike,Sunday,20:00:00,6145,32018,265176,864747,1319556,76260.54,52.95
member,classic_bike,Sunday,21:00:00,6251,25218,213759,864747,1981067,87688.61,60.92
casual,electric_bike,Sunday,21:00:00,5401,25218,213759,864747,1048652,108082.65,75.04
casual,classic_bike,Sunday,21:00:00,6732,25218,213759,864747,1236407,195568.65,135.82
casual,docked_bike,Sunday,21:00:00,1866,25218,213759,864747,274440,185951.5,129.14
member,electric_bike,Sunday,21:00:00,4968,25218,213759,864747,1319556,62141.94,43.15
member,classic_bike,Sunday,22:00:00,4549,20911,180950,864747,1981067,63826.46,44.31
casual,electric_bike,Sunday,22:00:00,4892,20911,180950,864747,1048652,94736.41,65.78
casual,classic_bike,Sunday,22:00:00,5864,20911,180950,864747,1236407,173978.6,120.82
casual,docked_bike,Sunday,22:00:00,1628,20911,180950,864747,274440,112476.39,78.11
member,electric_bike,Sunday,22:00:00,3978,20911,180950,864747,1319556,48442.33,33.65
member,classic_bike,Sunday,23:00:00,2670,13624,131288,864747,1981067,44845.45,31.14
casual,electric_bike,Sunday,23:00:00,3529,13624,131288,864747,1048652,66263.17,46.01
casual,classic_bike,Sunday,23:00:00,3827,13624,131288,864747,1236407,130649.58,90.72
casual,docked_bike,Sunday,23:00:00,1031,13624,131288,864747,274440,131330.56,91.2
member,electric_bike,Sunday,23:00:00,2567,13624,131288,864747,1319556,31528.16,21.9
member,classic_bike,Thursday,00:00:00,1695,7347,89161,810361,1981067,26723.87,18.54
casual,electric_bike,Thursday,00:00:00,2015,7347,89161,810361,1048652,35585.5,24.71
casual,classic_bike,Thursday,00:00:00,1560,7347,89161,810361,1236407,53120.63,36.89
casual,docked_bike,Thursday,00:00:00,386,7347,89161,810361,274440,35815.08,24.87
member,electric_bike,Thursday,00:00:00,1691,7347,89161,810361,1319556,17445.48,12.08
member,classic_bike,Thursday,01:00:00,751,3932,61853,810361,1981067,10943.0,7.6
casual,electric_bike,Thursday,01:00:00,1308,3932,61853,810361,1048652,22854.15,15.89
casual,classic_bike,Thursday,01:00:00,782,3932,61853,810361,1236407,29425.73,20.44
casual,docked_bike,Thursday,01:00:00,216,3932,61853,810361,274440,21249.81,14.75
member,electric_bike,Thursday,01:00:00,875,3932,61853,810361,1319556,9442.83,6.56
member,classic_bike,Thursday,02:00:00,297,2174,39837,810361,1981067,5028.42,3.49
casual,electric_bike,Thursday,02:00:00,857,2174,39837,810361,1048652,13880.76,9.63
casual,classic_bike,Thursday,02:00:00,444,2174,39837,810361,1236407,24269.46,16.86
casual,docked_bike,Thursday,02:00:00,115,2174,39837,810361,274440,47083.11,32.7
member,electric_bike,Thursday,02:00:00,461,2174,39837,810361,1319556,5104.85,3.53
member,classic_bike,Thursday,03:00:00,241,1456,22687,810361,1981067,3231.79,2.25
casual,electric_bike,Thursday,03:00:00,558,1456,22687,810361,1048652,9953.08,6.91
casual,classic_bike,Thursday,03:00:00,261,1456,22687,810361,1236407,10242.12,7.11
casual,docked_bike,Thursday,03:00:00,64,1456,22687,810361,274440,5330.91,3.7
member,electric_bike,Thursday,03:00:00,332,1456,22687,810361,1319556,3585.51,2.5
member,classic_bike,Thursday,04:00:00,564,2038,19305,810361,1981067,9302.16,6.47
casual,electric_bike,Thursday,04:00:00,596,2038,19305,810361,1048652,9276.27,6.44
casual,classic_bike,Thursday,04:00:00,235,2038,19305,810361,1236407,11558.81,8.03
casual,docked_bike,Thursday,04:00:00,45,2038,19305,810361,274440,2170.27,1.51
member,electric_bike,Thursday,04:00:00,598,2038,19305,810361,1319556,6115.64,4.23
member,classic_bike,Thursday,05:00:00,3429,7492,46499,810361,1981067,36365.08,25.26
casual,electric_bike,Thursday,05:00:00,957,7492,46499,810361,1048652,12514.73,8.7
casual,classic_bike,Thursday,05:00:00,752,7492,46499,810361,1236407,12872.38,8.94
casual,docked_bike,Thursday,05:00:00,70,7492,46499,810361,274440,2933.47,2.03
member,electric_bike,Thursday,05:00:00,2284,7492,46499,810361,1319556,24315.27,16.89
member,classic_bike,Thursday,06:00:00,10157,20298,116306,810361,1981067,119620.38,83.09
casual,electric_bike,Thursday,06:00:00,2106,20298,116306,810361,1048652,26620.78,18.47
casual,classic_bike,Thursday,06:00:00,2084,20298,116306,810361,1236407,34272.3,23.78
casual,docked_bike,Thursday,06:00:00,166,20298,116306,810361,274440,8454.97,5.87
member,electric_bike,Thursday,06:00:00,5785,20298,116306,810361,1319556,59804.03,41.53
member,classic_bike,Thursday,07:00:00,19465,39935,219067,810361,1981067,236724.84,164.35
casual,electric_bike,Thursday,07:00:00,4295,39935,219067,810361,1048652,56811.97,39.44
casual,classic_bike,Thursday,07:00:00,3825,39935,219067,810361,1236407,64669.85,44.92
casual,docked_bike,Thursday,07:00:00,372,39935,219067,810361,274440,10388.37,7.22
member,electric_bike,Thursday,07:00:00,11978,39935,219067,810361,1319556,128675.89,89.34
member,classic_bike,Thursday,08:00:00,21966,46469,266309,810361,1981067,265047.18,184.01
casual,electric_bike,Thursday,08:00:00,5182,46469,266309,810361,1048652,72424.48,50.28
casual,classic_bike,Thursday,08:00:00,4882,46469,266309,810361,1236407,87981.12,61.1
casual,docked_bike,Thursday,08:00:00,497,46469,266309,810361,274440,30030.66,20.86
member,electric_bike,Thursday,08:00:00,13942,46469,266309,810361,1319556,148450.57,103.07
member,classic_bike,Thursday,09:00:00,12551,30430,222207,810361,1981067,147345.75,102.28
casual,electric_bike,Thursday,09:00:00,4211,30430,222207,810361,1048652,64619.6,44.86
casual,classic_bike,Thursday,09:00:00,3896,30430,222207,810361,1236407,101742.73,70.67
casual,docked_bike,Thursday,09:00:00,728,30430,222207,810361,274440,40543.81,28.18
member,electric_bike,Thursday,09:00:00,9044,30430,222207,810361,1319556,89915.06,62.37
member,classic_bike,Thursday,10:00:00,9832,27673,243959,810361,1981067,121239.84,84.2
casual,electric_bike,Thursday,10:00:00,4572,27673,243959,810361,1048652,84289.32,58.57
casual,classic_bike,Thursday,10:00:00,4509,27673,243959,810361,1236407,132660.9,92.12
casual,docked_bike,Thursday,10:00:00,1138,27673,243959,810361,274440,91566.15,63.6
member,electric_bike,Thursday,10:00:00,7622,27673,243959,810361,1319556,84687.2,58.79
member,classic_bike,Thursday,11:00:00,11959,33460,302753,810361,1981067,152650.42,105.97
casual,electric_bike,Thursday,11:00:00,5500,33460,302753,810361,1048652,100238.91,69.59
casual,classic_bike,Thursday,11:00:00,5733,33460,302753,810361,1236407,166894.35,115.86
casual,docked_bike,Thursday,11:00:00,1521,33460,302753,810361,274440,103299.15,71.74
member,electric_bike,Thursday,11:00:00,8747,33460,302753,810361,1319556,101523.52,70.46
member,classic_bike,Thursday,12:00:00,14178,40270,351900,810361,1981067,171827.0,119.27
casual,electric_bike,Thursday,12:00:00,6910,40270,351900,810361,1048652,121125.94,84.15
casual,classic_bike,Thursday,12:00:00,6444,40270,351900,810361,1236407,182398.82,126.67
casual,docked_bike,Thursday,12:00:00,1631,40270,351900,810361,274440,132733.65,92.19
member,electric_bike,Thursday,12:00:00,11107,40270,351900,810361,1319556,117211.22,81.38
member,classic_bike,Thursday,13:00:00,12953,39445,358811,810361,1981067,155186.66,107.72
casual,electric_bike,Thursday,13:00:00,7360,39445,358811,810361,1048652,137225.47,95.27
casual,classic_bike,Thursday,13:00:00,6604,39445,358811,810361,1236407,185438.05,128.82
casual,docked_bike,Thursday,13:00:00,1945,39445,358811,810361,274440,153648.37,106.7
member,electric_bike,Thursday,13:00:00,10583,39445,358811,810361,1319556,109913.86,76.3
member,classic_bike,Thursday,14:00:00,12303,39497,360079,810361,1981067,154792.36,107.5
casual,electric_bike,Thursday,14:00:00,7909,39497,360079,810361,1048652,151548.27,105.23
casual,classic_bike,Thursday,14:00:00,6917,39497,360079,810361,1236407,193603.79,134.45
casual,docked_bike,Thursday,14:00:00,1966,39497,360079,810361,274440,151143.41,104.97
member,electric_bike,Thursday,14:00:00,10402,39497,360079,810361,1319556,117538.91,81.6
member,classic_bike,Thursday,15:00:00,16519,49069,402856,810361,1981067,210088.74,145.9
casual,electric_bike,Thursday,15:00:00,9425,49069,402856,810361,1048652,177983.65,123.54
casual,classic_bike,Thursday,15:00:00,8036,49069,402856,810361,1236407,235556.41,163.55
casual,docked_bike,Thursday,15:00:00,2140,49069,402856,810361,274440,224181.69,155.69
member,electric_bike,Thursday,15:00:00,12949,49069,402856,810361,1319556,151303.38,105.08
member,classic_bike,Thursday,16:00:00,25507,67835,486250,810361,1981067,338064.37,234.8
casual,electric_bike,Thursday,16:00:00,11638,67835,486250,810361,1048652,216941.9,150.68
casual,classic_bike,Thursday,16:00:00,10674,67835,486250,810361,1236407,286586.21,199.06
casual,docked_bike,Thursday,16:00:00,2449,67835,486250,810361,274440,138685.81,96.32
member,electric_bike,Thursday,16:00:00,17567,67835,486250,810361,1319556,219567.26,152.51
member,classic_bike,Thursday,17:00:00,35778,89897,581746,810361,1981067,503513.36,349.62
casual,electric_bike,Thursday,17:00:00,14198,89897,581746,810361,1048652,253246.44,175.8
casual,classic_bike,Thursday,17:00:00,16469,89897,581746,810361,1236407,404581.68,280.95
casual,docked_bike,Thursday,17:00:00,2556,89897,581746,810361,274440,232588.94,161.53
member,electric_bike,Thursday,17:00:00,20896,89897,581746,810361,1319556,266072.68,184.76
member,classic_bike,Thursday,18:00:00,29720,79095,502600,810361,1981067,406847.39,282.46
casual,electric_bike,Thursday,18:00:00,12897,79095,502600,810361,1048652,227417.8,157.89
casual,classic_bike,Thursday,18:00:00,16712,79095,502600,810361,1236407,409183.69,284.1
casual,docked_bike,Thursday,18:00:00,2342,79095,502600,810361,274440,220842.32,153.36
member,electric_bike,Thursday,18:00:00,17424,79095,502600,810361,1319556,216504.98,150.29
member,classic_bike,Thursday,19:00:00,20722,58182,374764,810361,1981067,291021.17,202.13
casual,electric_bike,Thursday,19:00:00,10155,58182,374764,810361,1048652,179161.68,124.4
casual,classic_bike,Thursday,19:00:00,12718,58182,374764,810361,1236407,317124.56,220.25
casual,docked_bike,Thursday,19:00:00,1954,58182,374764,810361,274440,246728.87,171.34
member,electric_bike,Thursday,19:00:00,12633,58182,374764,810361,1319556,152543.46,105.92
member,classic_bike,Thursday,20:00:00,13696,41289,265176,810361,1981067,196105.52,136.16
casual,electric_bike,Thursday,20:00:00,7785,41289,265176,810361,1048652,136622.91,94.82
casual,classic_bike,Thursday,20:00:00,9051,41289,265176,810361,1236407,257702.32,179.0
casual,docked_bike,Thursday,20:00:00,1501,41289,265176,810361,274440,144003.63,100.02
member,electric_bike,Thursday,20:00:00,9256,41289,265176,810361,1319556,108623.63,75.45
member,classic_bike,Thursday,21:00:00,10546,34139,213759,810361,1981067,152458.01,105.84
casual,electric_bike,Thursday,21:00:00,7005,34139,213759,810361,1048652,119667.41,83.1
casual,classic_bike,Thursday,21:00:00,7754,34139,213759,810361,1236407,201205.3,139.76
casual,docked_bike,Thursday,21:00:00,1264,34139,213759,810361,274440,148876.75,103.37
member,electric_bike,Thursday,21:00:00,7570,34139,213759,810361,1319556,88832.56,61.69
member,classic_bike,Thursday,22:00:00,8163,29419,180950,810361,1981067,114433.72,79.47
casual,electric_bike,Thursday,22:00:00,6646,29419,180950,810361,1048652,107876.79,74.92
casual,classic_bike,Thursday,22:00:00,7387,29419,180950,810361,1236407,190608.2,132.39
casual,docked_bike,Thursday,22:00:00,1127,29419,180950,810361,274440,135913.37,94.37
member,electric_bike,Thursday,22:00:00,6096,29419,180950,810361,1319556,70861.2,49.22
member,classic_bike,Thursday,23:00:00,4869,19520,131288,810361,1981067,71478.54,49.65
casual,electric_bike,Thursday,23:00:00,4711,19520,131288,810361,1048652,76548.77,53.12
casual,classic_bike,Thursday,23:00:00,4989,19520,131288,810361,1236407,139777.86,97.06
casual,docked_bike,Thursday,23:00:00,877,19520,131288,810361,274440,74759.21,51.94
member,electric_bike,Thursday,23:00:00,4074,19520,131288,810361,1319556,45783.57,31.77
member,classic_bike,Tuesday,00:00:00,1088,5660,89161,811754,1981067,15615.11,10.85
casual,electric_bike,Tuesday,00:00:00,1729,5660,89161,811754,1048652,31641.95,21.97
casual,classic_bike,Tuesday,00:00:00,1093,5660,89161,811754,1236407,37996.38,26.38
casual,docked_bike,Tuesday,00:00:00,380,5660,89161,811754,274440,27578.78,19.15
member,electric_bike,Tuesday,00:00:00,1370,5660,89161,811754,1319556,15063.03,10.46
member,classic_bike,Tuesday,01:00:00,494,3151,61853,811754,1981067,8223.17,5.71
casual,electric_bike,Tuesday,01:00:00,1061,3151,61853,811754,1048652,20808.05,14.45
casual,classic_bike,Tuesday,01:00:00,609,3151,61853,811754,1236407,34480.67,23.95
casual,docked_bike,Tuesday,01:00:00,229,3151,61853,811754,274440,25435.56,17.66
member,electric_bike,Tuesday,01:00:00,758,3151,61853,811754,1319556,8663.4,6.0
member,classic_bike,Tuesday,02:00:00,246,1900,39837,811754,1981067,4715.45,3.28
casual,electric_bike,Tuesday,02:00:00,714,1900,39837,811754,1048652,12416.82,8.63
casual,classic_bike,Tuesday,02:00:00,360,1900,39837,811754,1236407,19001.32,13.21
casual,docked_bike,Tuesday,02:00:00,113,1900,39837,811754,274440,31816.3,22.09
member,electric_bike,Tuesday,02:00:00,467,1900,39837,811754,1319556,5430.8,3.77
member,classic_bike,Tuesday,03:00:00,204,1274,22687,811754,1981067,5338.95,3.71
casual,electric_bike,Tuesday,03:00:00,482,1274,22687,811754,1048652,8049.21,5.58
casual,classic_bike,Tuesday,03:00:00,220,1274,22687,811754,1236407,10375.52,7.2
casual,docked_bike,Tuesday,03:00:00,67,1274,22687,811754,274440,21672.85,15.05
member,electric_bike,Tuesday,03:00:00,301,1274,22687,811754,1319556,3704.13,2.57
member,classic_bike,Tuesday,04:00:00,601,2020,19305,811754,1981067,7866.55,5.46
casual,electric_bike,Tuesday,04:00:00,551,2020,19305,811754,1048652,9122.31,6.33
casual,classic_bike,Tuesday,04:00:00,222,2020,19305,811754,1236407,7165.85,4.97
casual,docked_bike,Tuesday,04:00:00,63,2020,19305,811754,274440,11825.72,8.21
member,electric_bike,Tuesday,04:00:00,583,2020,19305,811754,1319556,6013.43,4.18
member,classic_bike,Tuesday,05:00:00,4074,8668,46499,811754,1981067,42807.59,29.71
casual,electric_bike,Tuesday,05:00:00,1061,8668,46499,811754,1048652,14374.75,9.98
casual,classic_bike,Tuesday,05:00:00,755,8668,46499,811754,1236407,14573.23,10.12
casual,docked_bike,Tuesday,05:00:00,82,8668,46499,811754,274440,11313.1,7.86
member,electric_bike,Tuesday,05:00:00,2696,8668,46499,811754,1319556,27260.35,18.93
member,classic_bike,Tuesday,06:00:00,11354,22814,116306,811754,1981067,133491.13,92.73
casual,electric_bike,Tuesday,06:00:00,2367,22814,116306,811754,1048652,29910.06,20.78
casual,classic_bike,Tuesday,06:00:00,2057,22814,116306,811754,1236407,30724.18,21.33
casual,docked_bike,Tuesday,06:00:00,208,22814,116306,811754,274440,12521.46,8.7
member,electric_bike,Tuesday,06:00:00,6828,22814,116306,811754,1319556,68880.39,47.82
member,classic_bike,Tuesday,07:00:00,21969,44256,219067,811754,1981067,274322.58,190.44
casual,electric_bike,Tuesday,07:00:00,4640,44256,219067,811754,1048652,58322.58,40.49
casual,classic_bike,Tuesday,07:00:00,3903,44256,219067,811754,1236407,60956.29,42.33
casual,docked_bike,Tuesday,07:00:00,376,44256,219067,811754,274440,20136.95,13.99
member,electric_bike,Tuesday,07:00:00,13368,44256,219067,811754,1319556,143291.29,99.43
member,classic_bike,Tuesday,08:00:00,24156,49614,266309,811754,1981067,294318.82,204.39
casual,electric_bike,Tuesday,08:00:00,5285,49614,266309,811754,1048652,71415.85,49.56
casual,classic_bike,Tuesday,08:00:00,4662,49614,266309,811754,1236407,90067.11,62.56
casual,docked_bike,Tuesday,08:00:00,507,49614,266309,811754,274440,49786.92,34.58
member,electric_bike,Tuesday,08:00:00,15004,49614,266309,811754,1319556,161174.71,111.9
member,classic_bike,Tuesday,09:00:00,12797,30906,222207,811754,1981067,157386.14,109.31
casual,electric_bike,Tuesday,09:00:00,4370,30906,222207,811754,1048652,68596.04,47.6
casual,classic_bike,Tuesday,09:00:00,3904,30906,222207,811754,1236407,93841.26,65.17
casual,docked_bike,Tuesday,09:00:00,809,30906,222207,811754,274440,42535.51,29.54
member,electric_bike,Tuesday,09:00:00,9026,30906,222207,811754,1319556,90265.18,62.68
member,classic_bike,Tuesday,10:00:00,9498,26841,243959,811754,1981067,115346.35,80.13
casual,electric_bike,Tuesday,10:00:00,4467,26841,243959,811754,1048652,78607.33,54.59
casual,classic_bike,Tuesday,10:00:00,4167,26841,243959,811754,1236407,124093.33,86.17
casual,docked_bike,Tuesday,10:00:00,1157,26841,243959,811754,274440,85925.48,59.66
member,electric_bike,Tuesday,10:00:00,7552,26841,243959,811754,1319556,84921.42,58.97
member,classic_bike,Tuesday,11:00:00,11773,32636,302753,811754,1981067,152337.78,105.8
casual,electric_bike,Tuesday,11:00:00,5456,32636,302753,811754,1048652,102608.27,71.25
casual,classic_bike,Tuesday,11:00:00,5142,32636,302753,811754,1236407,155437.78,107.94
casual,docked_bike,Tuesday,11:00:00,1534,32636,302753,811754,274440,85260.01,59.2
member,electric_bike,Tuesday,11:00:00,8731,32636,302753,811754,1319556,99686.89,69.21
member,classic_bike,Tuesday,12:00:00,14230,40193,351900,811754,1981067,163293.85,113.36
casual,electric_bike,Tuesday,12:00:00,7052,40193,351900,811754,1048652,129782.24,90.1
casual,classic_bike,Tuesday,12:00:00,6227,40193,351900,811754,1236407,171987.0,119.41
casual,docked_bike,Tuesday,12:00:00,1802,40193,351900,811754,274440,123959.86,86.09
member,electric_bike,Tuesday,12:00:00,10882,40193,351900,811754,1319556,113782.23,78.96
member,classic_bike,Tuesday,13:00:00,13534,40223,358811,811754,1981067,167266.93,116.19
casual,electric_bike,Tuesday,13:00:00,7435,40223,358811,811754,1048652,144876.9,100.63
casual,classic_bike,Tuesday,13:00:00,6253,40223,358811,811754,1236407,191831.02,133.23
casual,docked_bike,Tuesday,13:00:00,2072,40223,358811,811754,274440,154024.31,106.94
member,electric_bike,Tuesday,13:00:00,10929,40223,358811,811754,1319556,111157.52,77.16
member,classic_bike,Tuesday,14:00:00,13137,40188,360079,811754,1981067,159768.38,110.96
casual,electric_bike,Tuesday,14:00:00,8036,40188,360079,811754,1048652,151095.0,104.9
casual,classic_bike,Tuesday,14:00:00,6499,40188,360079,811754,1236407,197283.3,137.02
casual,docked_bike,Tuesday,14:00:00,2154,40188,360079,811754,274440,104272.9,72.42
member,electric_bike,Tuesday,14:00:00,10362,40188,360079,811754,1319556,116228.4,80.7
member,classic_bike,Tuesday,15:00:00,17196,50033,402856,811754,1981067,220713.61,153.2
casual,electric_bike,Tuesday,15:00:00,9784,50033,402856,811754,1048652,182263.36,126.57
casual,classic_bike,Tuesday,15:00:00,7198,50033,402856,811754,1236407,227709.89,158.14
casual,docked_bike,Tuesday,15:00:00,2165,50033,402856,811754,274440,135334.14,93.97
member,electric_bike,Tuesday,15:00:00,13690,50033,402856,811754,1319556,159421.17,110.73
member,classic_bike,Tuesday,16:00:00,27608,70717,486250,811754,1981067,363540.86,252.39
casual,electric_bike,Tuesday,16:00:00,11813,70717,486250,811754,1048652,210535.21,146.17
casual,classic_bike,Tuesday,16:00:00,9629,70717,486250,811754,1236407,260575.33,180.91
casual,docked_bike,Tuesday,16:00:00,2307,70717,486250,811754,274440,152311.7,105.78
member,electric_bike,Tuesday,16:00:00,19360,70717,486250,811754,1319556,233299.49,161.88
member,classic_bike,Tuesday,17:00:00,40880,97622,581746,811754,1981067,553243.55,384.11
casual,electric_bike,Tuesday,17:00:00,14759,97622,581746,811754,1048652,253488.55,176.03
casual,classic_bike,Tuesday,17:00:00,15603,97622,581746,811754,1236407,370481.72,257.33
casual,docked_bike,Tuesday,17:00:00,2535,97622,581746,811754,274440,151015.63,104.88
member,electric_bike,Tuesday,17:00:00,23845,97622,581746,811754,1319556,289132.0,200.74
member,classic_bike,Tuesday,18:00:00,32438,80957,502600,811754,1981067,460441.56,319.73
casual,electric_bike,Tuesday,18:00:00,12711,80957,502600,811754,1048652,223991.33,155.54
casual,classic_bike,Tuesday,18:00:00,14942,80957,502600,811754,1236407,356412.89,247.5
casual,docked_bike,Tuesday,18:00:00,2109,80957,502600,811754,274440,178616.54,124.04
member,electric_bike,Tuesday,18:00:00,18757,80957,502600,811754,1319556,226568.87,157.36
member,classic_bike,Tuesday,19:00:00,22036,57641,374764,811754,1981067,307025.03,213.2
casual,electric_bike,Tuesday,19:00:00,9521,57641,374764,811754,1048652,165313.06,114.77
casual,classic_bike,Tuesday,19:00:00,11186,57641,374764,811754,1236407,279941.24,194.4
casual,docked_bike,Tuesday,19:00:00,1811,57641,374764,811754,274440,130970.24,90.96
member,electric_bike,Tuesday,19:00:00,13087,57641,374764,811754,1319556,152076.22,105.6
member,classic_bike,Tuesday,20:00:00,13698,38605,265176,811754,1981067,188176.67,130.68
casual,electric_bike,Tuesday,20:00:00,7052,38605,265176,811754,1048652,125906.12,87.38
casual,classic_bike,Tuesday,20:00:00,7276,38605,265176,811754,1236407,192960.8,133.99
casual,docked_bike,Tuesday,20:00:00,1355,38605,265176,811754,274440,96389.92,66.94
member,electric_bike,Tuesday,20:00:00,9224,38605,265176,811754,1319556,104845.07,72.81
member,classic_bike,Tuesday,21:00:00,9625,29742,213759,811754,1981067,127077.16,88.2
casual,electric_bike,Tuesday,21:00:00,6079,29742,213759,811754,1048652,103337.04,71.74
casual,classic_bike,Tuesday,21:00:00,5661,29742,213759,811754,1236407,146125.7,101.45
casual,docked_bike,Tuesday,21:00:00,1021,29742,213759,811754,274440,79245.84,55.04
member,electric_bike,Tuesday,21:00:00,7356,29742,213759,811754,1319556,82765.65,57.46
member,classic_bike,Tuesday,22:00:00,6359,22974,180950,811754,1981067,78470.31,54.49
casual,electric_bike,Tuesday,22:00:00,5501,22974,180950,811754,1048652,91002.12,63.18
casual,classic_bike,Tuesday,22:00:00,4914,22974,180950,811754,1236407,124380.4,86.37
casual,docked_bike,Tuesday,22:00:00,971,22974,180950,811754,274440,95593.05,66.38
member,electric_bike,Tuesday,22:00:00,5229,22974,180950,811754,1319556,60444.93,41.96
member,classic_bike,Tuesday,23:00:00,3264,13119,131288,811754,1981067,44214.21,30.69
casual,electric_bike,Tuesday,23:00:00,3334,13119,131288,811754,1048652,56146.23,38.95
casual,classic_bike,Tuesday,23:00:00,2825,13119,131288,811754,1236407,84083.64,58.41
casual,docked_bike,Tuesday,23:00:00,592,13119,131288,811754,274440,78310.28,54.37
member,electric_bike,Tuesday,23:00:00,3104,13119,131288,811754,1319556,34788.33,24.17
member,classic_bike,Wednesday,00:00:00,1367,6322,89161,798295,1981067,21357.46,14.84
casual,electric_bike,Wednesday,00:00:00,1812,6322,89161,798295,1048652,31249.3,21.67
casual,classic_bike,Wednesday,00:00:00,1239,6322,89161,798295,1236407,45820.44,31.81
casual,docked_bike,Wednesday,00:00:00,398,6322,89161,798295,274440,40289.53,27.99
member,electric_bike,Wednesday,00:00:00,1506,6322,89161,798295,1319556,16579.03,11.5
member,classic_bike,Wednesday,01:00:00,534,3139,61853,798295,1981067,6978.09,4.84
casual,electric_bike,Wednesday,01:00:00,1004,3139,61853,798295,1048652,18158.57,12.61
casual,classic_bike,Wednesday,01:00:00,599,3139,61853,798295,1236407,25550.59,17.74
casual,docked_bike,Wednesday,01:00:00,183,3139,61853,798295,274440,27618.04,19.18
member,electric_bike,Wednesday,01:00:00,819,3139,61853,798295,1319556,9794.73,6.8
member,classic_bike,Wednesday,02:00:00,292,2003,39837,798295,1981067,4403.68,3.06
casual,electric_bike,Wednesday,02:00:00,727,2003,39837,798295,1048652,13768.31,9.56
casual,classic_bike,Wednesday,02:00:00,380,2003,39837,798295,1236407,22568.16,15.67
casual,docked_bike,Wednesday,02:00:00,118,2003,39837,798295,274440,35349.99,24.55
member,electric_bike,Wednesday,02:00:00,486,2003,39837,798295,1319556,5867.72,4.08
member,classic_bike,Wednesday,03:00:00,193,1281,22687,798295,1981067,2985.36,2.07
casual,electric_bike,Wednesday,03:00:00,506,1281,22687,798295,1048652,8871.17,6.16
casual,classic_bike,Wednesday,03:00:00,219,1281,22687,798295,1236407,10036.83,6.97
casual,docked_bike,Wednesday,03:00:00,72,1281,22687,798295,274440,13710.22,9.52
member,electric_bike,Wednesday,03:00:00,291,1281,22687,798295,1319556,3732.85,2.59
member,classic_bike,Wednesday,04:00:00,594,1973,19305,798295,1981067,7751.4,5.39
casual,electric_bike,Wednesday,04:00:00,533,1973,19305,798295,1048652,8954.1,6.22
casual,classic_bike,Wednesday,04:00:00,221,1973,19305,798295,1236407,7471.03,5.19
casual,docked_bike,Wednesday,04:00:00,50,1973,19305,798295,274440,45926.48,31.89
member,electric_bike,Wednesday,04:00:00,575,1973,19305,798295,1319556,6463.21,4.49
member,classic_bike,Wednesday,05:00:00,3896,8207,46499,798295,1981067,42486.3,29.52
casual,electric_bike,Wednesday,05:00:00,1004,8207,46499,798295,1048652,13443.46,9.35
casual,classic_bike,Wednesday,05:00:00,749,8207,46499,798295,1236407,15818.1,10.99
casual,docked_bike,Wednesday,05:00:00,84,8207,46499,798295,274440,5214.78,3.62
member,electric_bike,Wednesday,05:00:00,2474,8207,46499,798295,1319556,26508.7,18.4
member,classic_bike,Wednesday,06:00:00,11299,21833,116306,798295,1981067,133368.78,92.61
casual,electric_bike,Wednesday,06:00:00,2183,21833,116306,798295,1048652,27654.06,19.21
casual,classic_bike,Wednesday,06:00:00,1948,21833,116306,798295,1236407,31759.98,22.05
casual,docked_bike,Wednesday,06:00:00,192,21833,116306,798295,274440,19574.16,13.59
member,electric_bike,Wednesday,06:00:00,6211,21833,116306,798295,1319556,63468.03,44.08
member,classic_bike,Wednesday,07:00:00,21133,42524,219067,798295,1981067,254291.1,176.53
casual,electric_bike,Wednesday,07:00:00,4469,42524,219067,798295,1048652,56228.04,39.04
casual,classic_bike,Wednesday,07:00:00,3927,42524,219067,798295,1236407,66366.22,46.07
casual,docked_bike,Wednesday,07:00:00,405,42524,219067,798295,274440,33884.43,23.54
member,electric_bike,Wednesday,07:00:00,12590,42524,219067,798295,1319556,137452.25,95.39
member,classic_bike,Wednesday,08:00:00,23508,48752,266309,798295,1981067,279364.07,193.99
casual,electric_bike,Wednesday,08:00:00,5392,48752,266309,798295,1048652,74731.17,51.89
casual,classic_bike,Wednesday,08:00:00,4844,48752,266309,798295,1236407,85659.97,59.45
casual,docked_bike,Wednesday,08:00:00,479,48752,266309,798295,274440,53419.06,37.09
member,electric_bike,Wednesday,08:00:00,14529,48752,266309,798295,1319556,155169.72,107.73
member,classic_bike,Wednesday,09:00:00,13164,31058,222207,798295,1981067,154358.36,107.15
casual,electric_bike,Wednesday,09:00:00,4185,31058,222207,798295,1048652,66086.27,45.87
casual,classic_bike,Wednesday,09:00:00,3929,31058,222207,798295,1236407,95579.1,66.34
casual,docked_bike,Wednesday,09:00:00,699,31058,222207,798295,274440,53318.09,37.03
member,electric_bike,Wednesday,09:00:00,9081,31058,222207,798295,1319556,92755.63,64.36
member,classic_bike,Wednesday,10:00:00,9703,26085,243959,798295,1981067,118071.06,81.97
casual,electric_bike,Wednesday,10:00:00,4136,26085,243959,798295,1048652,73255.17,50.82
casual,classic_bike,Wednesday,10:00:00,3903,26085,243959,798295,1236407,112350.18,78.03
casual,docked_bike,Wednesday,10:00:00,965,26085,243959,798295,274440,53265.04,36.99
member,electric_bike,Wednesday,10:00:00,7378,26085,243959,798295,1319556,79704.98,55.32
member,classic_bike,Wednesday,11:00:00,11593,32042,302753,798295,1981067,141214.69,98.03
casual,electric_bike,Wednesday,11:00:00,5261,32042,302753,798295,1048652,96349.68,66.93
casual,classic_bike,Wednesday,11:00:00,5116,32042,302753,798295,1236407,145451.88,101.0
casual,docked_bike,Wednesday,11:00:00,1374,32042,302753,798295,274440,93895.57,65.21
member,electric_bike,Wednesday,11:00:00,8698,32042,302753,798295,1319556,96773.63,67.21
member,classic_bike,Wednesday,12:00:00,14143,39038,351900,798295,1981067,169658.7,117.86
casual,electric_bike,Wednesday,12:00:00,6804,39038,351900,798295,1048652,122970.74,85.36
casual,classic_bike,Wednesday,12:00:00,5882,39038,351900,798295,1236407,159625.95,110.89
casual,docked_bike,Wednesday,12:00:00,1619,39038,351900,798295,274440,122523.81,85.1
member,electric_bike,Wednesday,12:00:00,10590,39038,351900,798295,1319556,110582.28,76.77
member,classic_bike,Wednesday,13:00:00,13175,38715,358811,798295,1981067,153663.25,106.66
casual,electric_bike,Wednesday,13:00:00,7175,38715,358811,798295,1048652,133710.54,92.84
casual,classic_bike,Wednesday,13:00:00,5957,38715,358811,798295,1236407,188156.0,130.67
casual,docked_bike,Wednesday,13:00:00,1729,38715,358811,798295,274440,116775.27,81.09
member,electric_bike,Wednesday,13:00:00,10679,38715,358811,798295,1319556,116562.1,80.87
member,classic_bike,Wednesday,14:00:00,12814,39296,360079,798295,1981067,162086.59,112.55
casual,electric_bike,Wednesday,14:00:00,7824,39296,360079,798295,1048652,149250.85,103.63
casual,classic_bike,Wednesday,14:00:00,6277,39296,360079,798295,1236407,180374.38,125.27
casual,docked_bike,Wednesday,14:00:00,1897,39296,360079,798295,274440,138863.3,96.42
member,electric_bike,Wednesday,14:00:00,10484,39296,360079,798295,1319556,119285.03,82.83
member,classic_bike,Wednesday,15:00:00,16539,47547,402856,798295,1981067,217178.09,150.81
casual,electric_bike,Wednesday,15:00:00,8988,47547,402856,798295,1048652,167225.06,116.1
casual,classic_bike,Wednesday,15:00:00,7211,47547,402856,798295,1236407,190841.71,132.56
casual,docked_bike,Wednesday,15:00:00,2042,47547,402856,798295,274440,161337.25,112.04
member,electric_bike,Wednesday,15:00:00,12767,47547,402856,798295,1319556,147927.62,102.7
member,classic_bike,Wednesday,16:00:00,26402,68076,486250,798295,1981067,350151.19,243.1
casual,electric_bike,Wednesday,16:00:00,11314,68076,486250,798295,1048652,202612.0,140.71
casual,classic_bike,Wednesday,16:00:00,9842,68076,486250,798295,1236407,259220.01,180.06
casual,docked_bike,Wednesday,16:00:00,2307,68076,486250,798295,274440,183811.03,127.66
member,electric_bike,Wednesday,16:00:00,18211,68076,486250,798295,1319556,224325.66,155.73
member,classic_bike,Wednesday,17:00:00,39558,94299,581746,798295,1981067,549551.27,381.61
casual,electric_bike,Wednesday,17:00:00,14328,94299,581746,798295,1048652,255641.45,177.49
casual,classic_bike,Wednesday,17:00:00,16107,94299,581746,798295,1236407,383799.4,266.49
casual,docked_bike,Wednesday,17:00:00,2465,94299,581746,798295,274440,187165.76,129.99
member,electric_bike,Wednesday,17:00:00,21841,94299,581746,798295,1319556,271311.74,188.32
member,classic_bike,Wednesday,18:00:00,31494,79503,502600,798295,1981067,438488.76,304.44
casual,electric_bike,Wednesday,18:00:00,12402,79503,502600,798295,1048652,212280.53,147.43
casual,classic_bike,Wednesday,18:00:00,15529,79503,502600,798295,1236407,369651.75,256.67
casual,docked_bike,Wednesday,18:00:00,1986,79503,502600,798295,274440,106291.86,73.81
member,electric_bike,Wednesday,18:00:00,18092,79503,502600,798295,1319556,218788.13,151.92
member,classic_bike,Wednesday,19:00:00,21282,56402,374764,798295,1981067,290173.05,201.51
casual,electric_bike,Wednesday,19:00:00,9451,56402,374764,798295,1048652,161648.63,112.21
casual,classic_bike,Wednesday,19:00:00,11406,56402,374764,798295,1236407,285280.35,198.09
casual,docked_bike,Wednesday,19:00:00,1802,56402,374764,798295,274440,168642.79,117.1
member,electric_bike,Wednesday,19:00:00,12461,56402,374764,798295,1319556,145421.34,100.92
member,classic_bike,Wednesday,20:00:00,14100,40017,265176,798295,1981067,195222.06,135.61
casual,electric_bike,Wednesday,20:00:00,7270,40017,265176,798295,1048652,130901.5,90.87
casual,classic_bike,Wednesday,20:00:00,7885,40017,265176,798295,1236407,205277.05,142.56
casual,docked_bike,Wednesday,20:00:00,1433,40017,265176,798295,274440,135427.44,94.06
member,electric_bike,Wednesday,20:00:00,9329,40017,265176,798295,1319556,110449.55,76.65
member,classic_bike,Wednesday,21:00:00,10197,31807,213759,798295,1981067,134229.97,93.15
casual,electric_bike,Wednesday,21:00:00,6339,31807,213759,798295,1048652,105122.98,72.95
casual,classic_bike,Wednesday,21:00:00,6799,31807,213759,798295,1236407,180520.09,125.36
casual,docked_bike,Wednesday,21:00:00,1163,31807,213759,798295,274440,91324.0,63.42
member,electric_bike,Wednesday,21:00:00,7309,31807,213759,798295,1319556,84532.62,58.66
member,classic_bike,Wednesday,22:00:00,6835,24140,180950,798295,1981067,87745.41,60.94
casual,electric_bike,Wednesday,22:00:00,5529,24140,180950,798295,1048652,86899.22,60.3
casual,classic_bike,Wednesday,22:00:00,5473,24140,180950,798295,1236407,135879.65,94.36
casual,docked_bike,Wednesday,22:00:00,991,24140,180950,798295,274440,61576.67,42.78
member,electric_bike,Wednesday,22:00:00,5312,24140,180950,798295,1319556,61655.96,42.81
member,classic_bike,Wednesday,23:00:00,3681,14236,131288,798295,1981067,50664.9,35.18
casual,electric_bike,Wednesday,23:00:00,3542,14236,131288,798295,1048652,57983.23,40.28
casual,classic_bike,Wednesday,23:00:00,3080,14236,131288,798295,1236407,79969.06,55.55
casual,docked_bike,Wednesday,23:00:00,578,14236,131288,798295,274440,110322.24,76.61
member,electric_bike,Wednesday,23:00:00,3355,14236,131288,798295,1319556,39159.29,27.21
